<?xml version="1.0"?>
<doc>
    <assembly>
        <name>LibNMeCab</name>
    </assembly>
    <members>
        <member name="T:NMeCab.Core.BitUtils">
            <summary>
            ビット値操作のユーティリティ
            </summary>
            <remarks>
            BitVector32構造体より実行速度に重点を置き、シンプルな実装にする。
            </remarks>
        </member>
        <member name="M:NMeCab.Core.BitUtils.GetBitField(System.UInt32,System.Int32,System.Int32)">
            <summary>
            指定範囲のビットフィールド値を取り出す
            </summary>
            <param name="bits">ビット列を表すUInt32値</param>
            <param name="offset">開始ビット位置</param>
            <param name="len">ビット長</param>
            <returns>ビットフィールド値</returns>
        </member>
        <member name="M:NMeCab.Core.BitUtils.GetFlag(System.UInt32,System.Int32)">
            <summary>
            指定位置のビット値を取り出す
            </summary>
            <param name="bits">ビット列を表すUInt32値</param>
            <param name="offset">ビット位置</param>
            <returns>ビット値</returns>
        </member>
        <member name="M:NMeCab.Core.BitUtils.CompareAnd(System.UInt32,System.UInt32,System.Int32,System.Int32)">
            <summary>
            指定範囲のビット値のAND比較
            </summary>
            <param name="bits1">ビット列1を表すUInt32値</param>
            <param name="bits2">ビット列2を表すUInt32値</param>
            <param name="offset">開始ビット位置</param>
            <param name="len">ビット長</param>
            <returns>比較結果</returns>
        </member>
        <member name="T:NMeCab.Core.CharInfo">
            <summary>
            文字種情報
            </summary>
        </member>
        <member name="P:NMeCab.Core.CharInfo.Type">
            <summary>
            互換カテゴリ
            </summary>
        </member>
        <member name="P:NMeCab.Core.CharInfo.DefaultType">
            <summary>
            デフォルトカテゴリ
            </summary>
        </member>
        <member name="P:NMeCab.Core.CharInfo.Length">
            <summary>
            長さ: 未知語の候補生成方法
            </summary>
            <value>
            1: 1文字までの文字列を未知語とする
            2: 2文字までの文字列を未知語とする
            ...
            n: n文字までの文字列を未知語とする
            </value>
        </member>
        <member name="P:NMeCab.Core.CharInfo.Group">
            <summary>
            グルーピング: 未知語の候補生成方法
            </summary>
            <value>
            true: 同じ字種でまとめる
            false: 同じ字種でまとめない
            </value>
        </member>
        <member name="P:NMeCab.Core.CharInfo.Invoke">
            <summary>
            動作タイミング
            そのカテゴリにおいて, いつ未知語処理を動かすか
            </summary>
            <value>
            true: 常に未知語処理を動かす
            false: 既知語がある場合は, 未知語処理を動作させない
            </value>
        </member>
        <member name="M:NMeCab.Core.CharInfo.#ctor(System.UInt32)">
            <summary>
            コンストラクタ
            </summary>
            <param name="bits">ビット列</param>
        </member>
        <member name="M:NMeCab.Core.CharInfo.IsKindOf(NMeCab.Core.CharInfo)">
            <summary>
            互換カテゴリ判定
            </summary>
            <param name="c"></param>
            <returns>
            true: 互換
            false: 非互換
            </returns>
        </member>
        <member name="M:NMeCab.Core.CharInfo.ToString">
            <summary>
            インスタンスの文字列表現を返します。
            </summary>
            <returns>文字列表現</returns>
        </member>
        <member name="M:NMeCab.Core.Connector`1.Dispose">
            <summary>
            使用中のリソースを開放する
            </summary>
        </member>
        <member name="T:NMeCab.Core.DoubleArray">
            <summary>
            Double-Array Trie の実装
            </summary>
        </member>
        <member name="P:NMeCab.Core.MeCabDictionary.Encoding">
            <summary>
            辞書の文字コード
            </summary>
        </member>
        <member name="P:NMeCab.Core.MeCabDictionary.Version">
            <summary>
            バージョン
            </summary>
        </member>
        <member name="P:NMeCab.Core.MeCabDictionary.Type">
            <summary>
            辞書のタイプ
            </summary>
        </member>
        <member name="P:NMeCab.Core.MeCabDictionary.LSize">
            <summary>
            左文脈 ID のサイズ
            </summary>
        </member>
        <member name="P:NMeCab.Core.MeCabDictionary.RSize">
            <summary>
            右文脈 ID のサイズ
            </summary>
        </member>
        <member name="P:NMeCab.Core.MeCabDictionary.FileName">
            <summary>
            辞書のファイル名
            </summary>
        </member>
        <member name="M:NMeCab.Core.MeCabDictionary.Dispose">
            <summary>
            使用されているリソースを開放する
            </summary>
        </member>
        <member name="T:NMeCab.Core.PriorityQueue`1">
            <summary>
            優先度付き先入れ先出しコレクション（実装アルゴリズムはPairing Heap）
            </summary>
            <typeparam name="T"></typeparam>
        </member>
        <member name="T:NMeCab.Core.StrUtils">
            <summary>
            文字列関係操作ユーティリティ
            </summary>
        </member>
        <member name="M:NMeCab.Core.StrUtils.GetLength(System.Byte*)">
            <summary>
            終端が\0で表されたバイト配列の長さを取得する
            </summary>
            <param name="bytes">終端が\0で表されたバイト配列の開始位置のポインタ</param>
            <returns>バイト配列の長さ</returns>
        </member>
        <member name="M:NMeCab.Core.StrUtils.GetString(System.Byte[],System.Int64,System.Text.Encoding)">
            <summary>
            \0で区切られたバイト配列から文字列を取り出す。
            </summary>
            <remarks>
            バイト配列の長さはInt32.MaxValueを超えていても良い。
            </remarks>
            <param name="bytes">バイト配列</param>
            <param name="offset">オフセット位置</param>
            <param name="enc">文字エンコーディング</param>
            <returns>文字列（\0は含まない）</returns>
        </member>
        <member name="M:NMeCab.Core.StrUtils.GetString(System.Byte*,System.Int64,System.Text.Encoding)">
            <summary>
            \0で区切られたバイト配列から文字列を取り出す。
            </summary>
            <remarks>
            バイト配列の長さはInt32.MaxValueを超えていても良い。
            </remarks>
            <param name="bytes">終端が\0で表されたバイト配列の開始位置のポインタ</param>
            <param name="offset">オフセット位置</param>
            <param name="enc">文字エンコーディング</param>
            <returns>文字列（\0は含まない）</returns>
        </member>
        <member name="M:NMeCab.Core.StrUtils.GetString(System.Byte*,System.Text.Encoding)">
            <summary>
            \0で区切られたバイト配列から文字列を取り出す。
            </summary>
            <remarks>
            バイト配列の長さはInt32.MaxValueを超えていても良い。
            </remarks>
            <param name="bytes">デコードする最初のバイトへのポインタ</param>
            <param name="enc">文字エンコーディング</param>
            <returns>文字列（\0は含まない）</returns>
        </member>
        <member name="M:NMeCab.Core.StrUtils.GetEncodingOrNull(System.String)">
            <summary>
            大文字・小文字・区切り記号有無の異なる名称が指定されても、該当するであろうエンコーディングを取得する
            </summary>
            <param name="name">エンコーディング名</param>
            <returns>エンコーディング</returns>
        </member>
        <member name="M:NMeCab.Core.StrUtils.SplitCsvRow(System.String,System.Int32,System.Int32)">
            <summary>
            単一行のCSV形式の文字列を配列に変換する
            </summary>
            <param name="csvRowString">単一行のCSV形式の文字列</param>
            <param name="defaltColumnBuffSize">配列の内部バッファの初期値</param>
            <param name="defaltStringBuffSize">配列内の文字列の内部バッファの初期値</param>
            <returns>変換後の文字列配列</returns>
        </member>
        <member name="F:NMeCab.Core.Token.LcAttr">
            <summary>
            右文脈 id
            </summary>
        </member>
        <member name="F:NMeCab.Core.Token.RcAttr">
            <summary>
            左文脈 id
            </summary>
        </member>
        <member name="F:NMeCab.Core.Token.PosId">
            <summary>
            形態素 ID
            </summary>
        </member>
        <member name="F:NMeCab.Core.Token.WCost">
            <summary>
            単語生起コスト
            </summary>
        </member>
        <member name="F:NMeCab.Core.Token.Feature">
            <summary>
            素性情報の位置
            </summary>
        </member>
        <member name="F:NMeCab.Core.Token.Compound">
            <summary>
            reserved for noun compound
            </summary>
        </member>
        <member name="M:NMeCab.Core.Viterbi`1.Dispose">
            <summary>
            使用中のリソースを開放する
            </summary>
        </member>
        <member name="T:NMeCab.DictionaryType">
            <summary>
            辞書の種別
            </summary>
        </member>
        <member name="F:NMeCab.DictionaryType.Sys">
            <summary>
            システム辞書
            </summary>
        </member>
        <member name="F:NMeCab.DictionaryType.Usr">
            <summary>
            ユーザー辞書
            </summary>
        </member>
        <member name="F:NMeCab.DictionaryType.Unk">
            <summary>
            未定義
            </summary>
        </member>
        <member name="T:NMeCab.MeCabLattice`1">
            <summary>
            形態素解析中の情報の集合を表します。
            </summary>
            <typeparam name="TNode">形態素ノードの型</typeparam>
        </member>
        <member name="F:NMeCab.MeCabLattice`1.nodeAllocator">
            <summary>
            形態素ノード生成デリゲート
            </summary>
        </member>
        <member name="P:NMeCab.MeCabLattice`1.Param">
            <summary>
            解析パラメータ
            </summary>
        </member>
        <member name="P:NMeCab.MeCabLattice`1.BeginNodeList">
            <summary>
            開始位置をインデックスとした形態素ノード配列
            </summary>
        </member>
        <member name="P:NMeCab.MeCabLattice`1.EndNodeList">
            <summary>
            終了位置をインデックスとした形態素ノード配列
            </summary>
        </member>
        <member name="P:NMeCab.MeCabLattice`1.BosNode">
            <summary>
            開始ノード
            </summary>
        </member>
        <member name="P:NMeCab.MeCabLattice`1.EosNode">
            <summary>
            終了ノード
            </summary>
        </member>
        <member name="P:NMeCab.MeCabLattice`1.Z">
            <summary>
            Alpha of EOS
            </summary>
        </member>
        <member name="P:NMeCab.MeCabLattice`1.BestResultStack">
            <summary>
            最も確からしい形態素列（作業用）
            </summary>
        </member>
        <member name="M:NMeCab.MeCabLattice`1.#ctor(System.Func{`0},NMeCab.MeCabParam,System.Int32)">
            <summary>
            コンストラクタ
            </summary>
            <param name="nodeAllocator">形態素ノード生成関数</param>
            <param name="param">形態素解析処理のパラメータ</param>
            <param name="length">解析対象の文字列の長さ</param>
        </member>
        <member name="M:NMeCab.MeCabLattice`1.GetBestNodes">
            <summary>
            ベスト解を取得します。
            </summary>
            <returns>ベスト解の形態素ノードの配列</returns>
        </member>
        <member name="M:NMeCab.MeCabLattice`1.GetNBestResults">
            <summary>
            Nベスト解を取得します。
            </summary>
            <returns>形態素の配列を確からしい順に取得する列挙子</returns>
        </member>
        <member name="M:NMeCab.MeCabLattice`1.GetAllNodes">
            <summary>
            すべての形態素を周辺確率付きで取得します。
            </summary>
            <returns>すべての形態素ノードの配列</returns>
        </member>
        <member name="T:NMeCab.MeCabLatticeLevel">
            <summary>
            ラティスレベル(どの程度のラティス情報を解析時に構築するか)
            </summary>
        </member>
        <member name="F:NMeCab.MeCabLatticeLevel.Zero">
            <summary>
            0: 最適解のみが出力可能なレベル (デフォルト, 高速) 
            </summary>
        </member>
        <member name="F:NMeCab.MeCabLatticeLevel.One">
            <summary>
            1: N-best 解が出力可能なレベル (中速) 
            </summary>
        </member>
        <member name="F:NMeCab.MeCabLatticeLevel.Two">
            <summary>
            2: ソフトわかち書きが可能なレベル (低速)
            </summary>
        </member>
        <member name="T:NMeCab.MeCabNode">
            <summary>
            形態素ノードを表します。使用する辞書の形式は限定しません。
            </summary>
        </member>
        <member name="T:NMeCab.MeCabNodeBase`1">
            <summary>
            形態素ノードを表す抽象基底クラスです。
            </summary>
            <typeparam name="TNode">連結する形態素ノードの具象型</typeparam>
        </member>
        <member name="P:NMeCab.MeCabNodeBase`1.Id">
            <summary>
            解析の単位で形態素に付与するユニークID
            </summary>
        </member>
        <member name="P:NMeCab.MeCabNodeBase`1.Prev">
            <summary>
            一つ前の形態素
            </summary>
        </member>
        <member name="P:NMeCab.MeCabNodeBase`1.Next">
            <summary>
            一つ後の形態素
            </summary>
        </member>
        <member name="P:NMeCab.MeCabNodeBase`1.BNext">
            <summary>
            同じ開始位置で始まる形態素
            </summary>
        </member>
        <member name="P:NMeCab.MeCabNodeBase`1.ENext">
            <summary>
            同じ位置で終わる形態素
            </summary>
        </member>
        <member name="P:NMeCab.MeCabNodeBase`1.LPath">
            <summary>
            前の形態素の候補へのパス
            </summary>
        </member>
        <member name="P:NMeCab.MeCabNodeBase`1.RPath">
            <summary>
            次の形態素の候補へのパス
            </summary>
        </member>
        <member name="P:NMeCab.MeCabNodeBase`1.Surface">
            <summary>
            形態素の表層形
            </summary>
        </member>
        <member name="P:NMeCab.MeCabNodeBase`1.Length">
            <summary>
            形態素の長さ
            </summary>
        </member>
        <member name="P:NMeCab.MeCabNodeBase`1.RLength">
            <summary>
            形態素の長さ(先頭のスペースを含む)
            </summary>
        </member>
        <member name="P:NMeCab.MeCabNodeBase`1.BPos">
            <summary>
            開始位置
            </summary>
        </member>
        <member name="P:NMeCab.MeCabNodeBase`1.EPos">
            <summary>
            終了位置
            </summary>
        </member>
        <member name="P:NMeCab.MeCabNodeBase`1.LCAttr">
            <summary>
            左文脈ID
            </summary>
        </member>
        <member name="P:NMeCab.MeCabNodeBase`1.RCAttr">
            <summary>
            右文脈ID
            </summary>
        </member>
        <member name="P:NMeCab.MeCabNodeBase`1.PosId">
            <summary>
            形態素ID
            </summary>
        </member>
        <member name="P:NMeCab.MeCabNodeBase`1.WCost">
            <summary>
            単語生起コスト
            </summary>
        </member>
        <member name="P:NMeCab.MeCabNodeBase`1.CharType">
            <summary>
            文字種情報
            </summary>
        </member>
        <member name="P:NMeCab.MeCabNodeBase`1.Stat">
            <summary>
            形態素の種類
            </summary>
        </member>
        <member name="P:NMeCab.MeCabNodeBase`1.Cost">
            <summary>
            累積コスト
            </summary>
        </member>
        <member name="P:NMeCab.MeCabNodeBase`1.IsBest">
            <summary>
            ベスト解か
            </summary>
        </member>
        <member name="P:NMeCab.MeCabNodeBase`1.Alpha">
            <summary>
            forward backward の foward log 確率
            </summary>
        </member>
        <member name="P:NMeCab.MeCabNodeBase`1.Beta">
            <summary>
            forward backward の backward log 確率
            </summary>
        </member>
        <member name="P:NMeCab.MeCabNodeBase`1.Prob">
            <summary>
            周辺確率
            </summary>
        </member>
        <member name="P:NMeCab.MeCabNodeBase`1.Feature">
            <summary>
            CSVで表記された素性情報
            </summary>
        </member>
        <member name="M:NMeCab.MeCabNodeBase`1.GetFeatureAt(System.Int32)">
            <summary>
            素性情報から指定したインデックスの要素を取得
            </summary>
            <param name="index">要素のインデックス</param>
            <returns>素性情報の要素</returns>
        </member>
        <member name="M:NMeCab.MeCabNodeBase`1.ToString">
            <summary>
            インスタンスの文字列表現を返します。
            </summary>
            <returns>文字列表現</returns>
        </member>
        <member name="T:NMeCab.MeCabNodeStat">
            <summary>
            形態素ノードの種類
            </summary>
        </member>
        <member name="F:NMeCab.MeCabNodeStat.Nor">
            <summary>
            通常ノード
            </summary>
        </member>
        <member name="F:NMeCab.MeCabNodeStat.Unk">
            <summary>
            未知語ノード
            </summary>
        </member>
        <member name="F:NMeCab.MeCabNodeStat.Bos">
            <summary>
            文頭ノード
            </summary>
        </member>
        <member name="F:NMeCab.MeCabNodeStat.Eos">
            <summary>
            文末ノード
            </summary>
        </member>
        <member name="T:NMeCab.MeCabParam">
            <summary>
            形態素解析処理のパラメータを表します。
            </summary>
        </member>
        <member name="P:NMeCab.MeCabParam.LatticeLevel">
            <summary>
            ラティスレベル(どの程度のラティス情報を解析時に構築するか)
            </summary>
        </member>
        <member name="F:NMeCab.MeCabParam.DefaltTheta">
            <summary>
            ソフト分かち書きの温度パラメータの初期値
            </summary>
        </member>
        <member name="P:NMeCab.MeCabParam.Theta">
            <summary>
            ソフト分かち書きの温度パラメータ
            </summary>
        </member>
        <member name="F:NMeCab.MeCabParam.DefaltMaxGroupingSize">
            <summary>
            未知語の文字数の最大値の初期値
            </summary>
        </member>
        <member name="P:NMeCab.MeCabParam.MaxGroupingSize">
            <summary>
            未知語の文字数の最大値
            </summary>
        </member>
        <member name="T:NMeCab.MeCabPath`1">
            <summary>
            形態素ノード間のパスを表します。
            </summary>
            <typeparam name="TNode">形態素ノードの型</typeparam>
        </member>
        <member name="P:NMeCab.MeCabPath`1.RNode">
            <summary>
            右側の形態素ノード
            </summary>
        </member>
        <member name="P:NMeCab.MeCabPath`1.RNext">
            <summary>
            左側の形態素ノードが同じで、右側の形態素ノードが異なる、別のパス
            </summary>
        </member>
        <member name="P:NMeCab.MeCabPath`1.LNode">
            <summary>
            左側の形態素ノード
            </summary>
        </member>
        <member name="P:NMeCab.MeCabPath`1.LNext">
            <summary>
            右側の形態素ノードが同じで、左側の形態素ノードが異なる、別のパス
            </summary>
        </member>
        <member name="P:NMeCab.MeCabPath`1.Cost">
            <summary>
            左右の形態素ノード間の接続コスト
            </summary>
        </member>
        <member name="P:NMeCab.MeCabPath`1.Prob">
            <summary>
            周辺確率
            </summary>
        </member>
        <member name="M:NMeCab.MeCabPath`1.ToString">
            <summary>
            インスタンスの文字列表現を返します。
            </summary>
            <returns>文字列表現</returns>
        </member>
        <member name="T:NMeCab.MeCabTagger">
            <summary>
            形態素解析処理の起点を表します。使用する辞書の形式は限定しません。
            </summary>
        </member>
        <member name="M:NMeCab.MeCabTagger.#ctor">
            <summary>
            コンストラクタ（非公開）
            </summary>
        </member>
        <member name="M:NMeCab.MeCabTagger.Create(System.String,System.String[])">
            <summary>
            形態素解析処理の起点を作成します。
            </summary>
            <param name="dicDir">使用する辞書のディレクトリへのパス</param>
            <param name="userDics">使用するユーザー辞書のファイル名のコレクション</param>
            <returns>形態素解析処理の起点</returns>
        </member>
        <member name="T:NMeCab.MeCabTaggerBase`1">
            <summary>
            形態素解析処理の起点を表す抽象基底クラスです。
            </summary>
            <typeparam name="TNode">形態素ノードの型</typeparam>
        </member>
        <member name="M:NMeCab.MeCabTaggerBase`1.Create``1(System.String,System.Collections.Generic.IEnumerable{System.String},System.Func{``0},System.Func{`0},System.String)">
            <summary>
            形態素解析処理の起点を作成します。
            </summary>
            <typeparam name="TTagger">作成する形態素解析処理の起点の具象型</typeparam>
            <param name="dicDir">使用する辞書のディレクトリへのパス</param>
            <param name="userDics">使用するユーザー辞書のファイル名のコレクション</param>
            <param name="taggerAllocator">Taggetインスタンス生成メソッド</param>
            <param name="nodeAllocator">Nodeインスタンス生成メソッド</param>
            <param name="defaultDicDirName">使用する辞書のディレクトリへのパスが無いときに使用するディレクトリ名の初期値</param>
            <returns>形態素解析処理の起点</returns>
        </member>
        <member name="M:NMeCab.MeCabTaggerBase`1.Parse(System.String)">
            <summary>
            形態素解析を行い、最も確からしい形態素列を取得します。
            </summary>
            <param name="sentence">解析対象の文字列</param>
            <returns>最も確からしい形態素ノードの配列</returns>
        </member>
        <member name="M:NMeCab.MeCabTaggerBase`1.Parse(System.Char*,System.Int32)">
            <summary>
            形態素解析を行い、最も確からしい形態素列を取得します。
            </summary>
            <param name="sentence">解析対象の文字列へのポインタ</param>
            <param name="length">解析対象の文字列の長さ</param>
            <returns>最も確からしい形態素ノードの配列</returns>
        </member>
        <member name="M:NMeCab.MeCabTaggerBase`1.ParseNBest(System.String)">
            <summary>
            形態素解析を行い、確からしい順に複数の形態素列を取得します。
            </summary>
            <param name="sentence">解析対象の文字列</param>
            <returns>形態素ノードの配列を確からしい順に取得する列挙子</returns>
        </member>
        <member name="M:NMeCab.MeCabTaggerBase`1.ParseNBest(System.Char*,System.Int32)">
            <summary>
            形態素解析を行い、確からしい順に複数の形態素列を取得します。
            </summary>
            <param name="sentence">解析対象の文字列へのポインタ</param>
            <param name="length">解析対象の文字列の長さ</param>
            <returns>形態素の配列を確からしい順に取得する列挙子</returns>
        </member>
        <member name="M:NMeCab.MeCabTaggerBase`1.ParseSoftWakachi(System.String,System.Single)">
            <summary>
            形態素解析を行い、可能性があるすべての形態素を周辺確率付きで取得します。
            </summary>
            <param name="sentence">解析対象の文字列</param>
            <param name="theta">ソフト分かち書きの温度パラメータ</param>
            <returns>すべての形態素ノードの配列</returns>
        </member>
        <member name="M:NMeCab.MeCabTaggerBase`1.ParseSoftWakachi(System.Char*,System.Int32,System.Single)">
            <summary>
            形態素解析を行い、可能性があるすべての形態素を周辺確率付きで取得します。
            </summary>
            <param name="sentence">解析対象の文字列へのポインタ</param>
            <param name="length">解析対象の文字列の長さ</param>
            <param name="theta">ソフト分かち書きの温度パラメータ</param>
            <returns>すべての形態素ノードの配列</returns>
        </member>
        <member name="M:NMeCab.MeCabTaggerBase`1.ParseToLattice(System.String,NMeCab.MeCabParam)">
            <summary>
            形態素解析を行い、結果をラティスとして取得します。
            </summary>
            <param name="sentence">解析対象の文字列</param>
            <param name="param">解析パラメータ</param>
            <returns>ラティス</returns>
        </member>
        <member name="M:NMeCab.MeCabTaggerBase`1.ParseToLattice(System.Char*,System.Int32,NMeCab.MeCabParam)">
            <summary>
            形態素解析を行い、結果をラティスとして取得します
            </summary>
            <param name="sentence">解析対象の文字列へのポインタ</param>
            <param name="length">解析対象の文字列の長さ</param>
            <param name="param">解析パラメータ</param>
            <returns>ラティス</returns>
        </member>
        <member name="M:NMeCab.MeCabTaggerBase`1.Dispose">
            <summary>
            使用中のリソースを開放します。
            </summary>
        </member>
        <member name="M:NMeCab.MeCabTaggerBase`1.Dispose(System.Boolean)">
            <summary>
            使用中のリソースを開放します。
            </summary>
            <param name="disposing">マネージドリソースとアンマネージドリソースの両方を解放する場合はtrue。アンマネージド リソースだけを解放する場合はfalse。</param>
        </member>
        <member name="M:NMeCab.MeCabTaggerBase`1.Finalize">
            <summary>
            デストラクタ
            </summary>
        </member>
        <member name="T:NMeCab.NBestGenerator`1">
            <summary>
            確からしい順に形態素列を取得する列挙子を公開します。
            </summary>
            <typeparam name="TNode"></typeparam>
        </member>
        <member name="M:NMeCab.NBestGenerator`1.#ctor(`0)">
            <summary>
            コンストラクタ
            </summary>
            <param name="eos">末尾の形態素ノード</param>
        </member>
        <member name="M:NMeCab.NBestGenerator`1.GetEnumerator">
            <summary>
            形態素列の列挙子を返します。
            </summary>
            <returns>形態素列の列挙子</returns>
        </member>
        <member name="T:NMeCab.Specialized.MeCabIpaDicNode">
            <summary>
            IPA形式の辞書を使用する場合の形態素ノードです。
            素性情報CSVを分解して各項目の情報を取得するプロパティも備えています。
            </summary>
        </member>
        <member name="P:NMeCab.Specialized.MeCabIpaDicNode.PartsOfSpeech">
            <summary>
            品詞
            </summary>
        </member>
        <member name="P:NMeCab.Specialized.MeCabIpaDicNode.PartsOfSpeechSection1">
            <summary>
            品詞細分類1
            </summary>
        </member>
        <member name="P:NMeCab.Specialized.MeCabIpaDicNode.PartsOfSpeechSection2">
            <summary>
            品詞細分類2
            </summary>
        </member>
        <member name="P:NMeCab.Specialized.MeCabIpaDicNode.PartsOfSpeechSection3">
            <summary>
            品詞細分類3
            </summary>
        </member>
        <member name="P:NMeCab.Specialized.MeCabIpaDicNode.ConjugatedForm">
            <summary>
            活用形
            </summary>
        </member>
        <member name="P:NMeCab.Specialized.MeCabIpaDicNode.Inflection">
            <summary>
            活用型
            </summary>
        </member>
        <member name="P:NMeCab.Specialized.MeCabIpaDicNode.OriginalForm">
            <summary>
            原形
            </summary>
        </member>
        <member name="P:NMeCab.Specialized.MeCabIpaDicNode.Reading">
            <summary>
            読み
            </summary>
        </member>
        <member name="P:NMeCab.Specialized.MeCabIpaDicNode.Pronounciation">
            <summary>
            発音
            </summary>
        </member>
        <member name="T:NMeCab.Specialized.MeCabIpaDicTagger">
            <summary>
            IPA形式の辞書を使用する場合の形態素解析処理の起点を表します。
            </summary>
        </member>
        <member name="M:NMeCab.Specialized.MeCabIpaDicTagger.#ctor">
            <summary>
            コンストラクタ（非公開）
            </summary>
        </member>
        <member name="M:NMeCab.Specialized.MeCabIpaDicTagger.Create(System.String,System.String[])">
            <summary>
            形態素解析処理の起点を作成します。
            </summary>
            <param name="dicDir">使用する辞書のディレクトリへのパス</param>
            <param name="userDics">使用するユーザー辞書のファイル名のコレクション</param>
            <returns>形態素解析処理の起点</returns>
        </member>
        <member name="T:NMeCab.Specialized.MeCabUniDic21Node">
            <summary>
            UniDic（ver2.1.0以後）形式の辞書を使用する場合の形態素ノードです。
            素性情報CSVを分解して各項目の情報を取得するプロパティも備えています。
            </summary>
        </member>
        <member name="P:NMeCab.Specialized.MeCabUniDic21Node.Pos1">
            <summary>
            品詞大分類
            </summary>
        </member>
        <member name="P:NMeCab.Specialized.MeCabUniDic21Node.Pos2">
            <summary>
            品詞中分類
            </summary>
        </member>
        <member name="P:NMeCab.Specialized.MeCabUniDic21Node.Pos3">
            <summary>
            品詞小分類
            </summary>
        </member>
        <member name="P:NMeCab.Specialized.MeCabUniDic21Node.Pos4">
            <summary>
            品詞細分類
            </summary>
        </member>
        <member name="P:NMeCab.Specialized.MeCabUniDic21Node.CType">
            <summary>
            活用型
            </summary>
        </member>
        <member name="P:NMeCab.Specialized.MeCabUniDic21Node.CForm">
            <summary>
            活用形
            </summary>
        </member>
        <member name="P:NMeCab.Specialized.MeCabUniDic21Node.LForm">
            <summary>
            語彙素読み
            </summary>
        </member>
        <member name="P:NMeCab.Specialized.MeCabUniDic21Node.Lemma">
            <summary>
            語彙素（語彙素表記＋語彙素細分類）
            </summary>
        </member>
        <member name="P:NMeCab.Specialized.MeCabUniDic21Node.Orth">
            <summary>
            書字形出現形
            </summary>
        </member>
        <member name="P:NMeCab.Specialized.MeCabUniDic21Node.Pron">
            <summary>
            発音形出現形
            </summary>
        </member>
        <member name="P:NMeCab.Specialized.MeCabUniDic21Node.OrthBase">
            <summary>
            書字形基本形
            </summary>
        </member>
        <member name="P:NMeCab.Specialized.MeCabUniDic21Node.PronBase">
            <summary>
            発音形基本形
            </summary>
        </member>
        <member name="P:NMeCab.Specialized.MeCabUniDic21Node.Goshu">
            <summary>
            語種
            </summary>
        </member>
        <member name="P:NMeCab.Specialized.MeCabUniDic21Node.IType">
            <summary>
            語頭変化型
            </summary>
        </member>
        <member name="P:NMeCab.Specialized.MeCabUniDic21Node.IForm">
            <summary>
            語頭変化形
            </summary>
        </member>
        <member name="P:NMeCab.Specialized.MeCabUniDic21Node.FType">
            <summary>
            語末変化型
            </summary>
        </member>
        <member name="P:NMeCab.Specialized.MeCabUniDic21Node.FForm">
            <summary>
            語末変化形
            </summary>
        </member>
        <member name="P:NMeCab.Specialized.MeCabUniDic21Node.Kana">
            <summary>
            仮名形出現形
            </summary>
        </member>
        <member name="P:NMeCab.Specialized.MeCabUniDic21Node.KanaBase">
            <summary>
            仮名形基本形
            </summary>
        </member>
        <member name="P:NMeCab.Specialized.MeCabUniDic21Node.Form">
            <summary>
            語形出現形
            </summary>
        </member>
        <member name="P:NMeCab.Specialized.MeCabUniDic21Node.FormBase">
            <summary>
            語形基本形
            </summary>
        </member>
        <member name="P:NMeCab.Specialized.MeCabUniDic21Node.IConType">
            <summary>
            語頭変化結合形
            </summary>
        </member>
        <member name="P:NMeCab.Specialized.MeCabUniDic21Node.FConType">
            <summary>
            語末変化結合形
            </summary>
        </member>
        <member name="P:NMeCab.Specialized.MeCabUniDic21Node.AType">
            <summary>
            アクセント型
            </summary>
        </member>
        <member name="P:NMeCab.Specialized.MeCabUniDic21Node.AConType">
            <summary>
            アクセント結合型
            </summary>
        </member>
        <member name="P:NMeCab.Specialized.MeCabUniDic21Node.AModType">
            <summary>
            アクセント修飾型
            </summary>
        </member>
        <member name="T:NMeCab.Specialized.MeCabUniDic21Tagger">
            <summary>
            UniDic（ver2.1.0以後）形式の辞書を使用する場合の形態素解析処理の起点を表します。
            </summary>
        </member>
        <member name="M:NMeCab.Specialized.MeCabUniDic21Tagger.#ctor">
            <summary>
            コンストラクタ（非公開）
            </summary>
        </member>
        <member name="M:NMeCab.Specialized.MeCabUniDic21Tagger.Create(System.String,System.String[])">
            <summary>
            形態素解析処理の起点を作成します。
            </summary>
            <param name="dicDir">使用する辞書のディレクトリへのパス</param>
            <param name="userDics">使用するユーザー辞書のファイル名のコレクション</param>
            <returns>形態素解析処理の起点</returns>
        </member>
        <member name="T:NMeCab.Specialized.MeCabUniDic22Node">
            <summary>
            UniDic（ver2.2.0以後）形式の辞書を使用する場合の形態素ノードです。
            素性情報CSVを分解して各項目の情報を取得するプロパティも備えています。
            </summary>
        </member>
        <member name="P:NMeCab.Specialized.MeCabUniDic22Node.Pos1">
            <summary>
            品詞大分類
            </summary>
        </member>
        <member name="P:NMeCab.Specialized.MeCabUniDic22Node.Pos2">
            <summary>
            品詞中分類
            </summary>
        </member>
        <member name="P:NMeCab.Specialized.MeCabUniDic22Node.Pos3">
            <summary>
            品詞小分類
            </summary>
        </member>
        <member name="P:NMeCab.Specialized.MeCabUniDic22Node.Pos4">
            <summary>
            品詞細分類
            </summary>
        </member>
        <member name="P:NMeCab.Specialized.MeCabUniDic22Node.CType">
            <summary>
            活用型
            </summary>
        </member>
        <member name="P:NMeCab.Specialized.MeCabUniDic22Node.CForm">
            <summary>
            活用形
            </summary>
        </member>
        <member name="P:NMeCab.Specialized.MeCabUniDic22Node.LForm">
            <summary>
            語彙素読み
            </summary>
        </member>
        <member name="P:NMeCab.Specialized.MeCabUniDic22Node.Lemma">
            <summary>
            語彙素（語彙素表記＋語彙素細分類）
            </summary>
        </member>
        <member name="P:NMeCab.Specialized.MeCabUniDic22Node.Orth">
            <summary>
            書字形出現形
            </summary>
        </member>
        <member name="P:NMeCab.Specialized.MeCabUniDic22Node.Pron">
            <summary>
            発音形出現形
            </summary>
        </member>
        <member name="P:NMeCab.Specialized.MeCabUniDic22Node.OrthBase">
            <summary>
            書字形基本形
            </summary>
        </member>
        <member name="P:NMeCab.Specialized.MeCabUniDic22Node.PronBase">
            <summary>
            発音形基本形
            </summary>
        </member>
        <member name="P:NMeCab.Specialized.MeCabUniDic22Node.Goshu">
            <summary>
            語種
            </summary>
        </member>
        <member name="P:NMeCab.Specialized.MeCabUniDic22Node.IType">
            <summary>
            語頭変化型
            </summary>
        </member>
        <member name="P:NMeCab.Specialized.MeCabUniDic22Node.IForm">
            <summary>
            語頭変化形
            </summary>
        </member>
        <member name="P:NMeCab.Specialized.MeCabUniDic22Node.FType">
            <summary>
            語末変化型
            </summary>
        </member>
        <member name="P:NMeCab.Specialized.MeCabUniDic22Node.FForm">
            <summary>
            語末変化形
            </summary>
        </member>
        <member name="P:NMeCab.Specialized.MeCabUniDic22Node.IConType">
            <summary>
            語頭変化結合形
            </summary>
        </member>
        <member name="P:NMeCab.Specialized.MeCabUniDic22Node.FConType">
            <summary>
            語末変化結合形
            </summary>
        </member>
        <member name="P:NMeCab.Specialized.MeCabUniDic22Node.LType">
            <summary>
            語彙素類
            </summary>
            <remarks>
            この項目の「英語」の名前は、
            UniDic 2.2.0 や 2.3.0 の配布物に含まれる dicrc ファイルでは「type」となっているが、
            UniDic の FAQ (https://unidic.ninjal.ac.jp/faq#col_name) には「lType」と記載されている。
            </remarks>
        </member>
        <member name="P:NMeCab.Specialized.MeCabUniDic22Node.Kana">
            <summary>
            仮名形出現形
            </summary>
        </member>
        <member name="P:NMeCab.Specialized.MeCabUniDic22Node.KanaBase">
            <summary>
            仮名形基本形
            </summary>
        </member>
        <member name="P:NMeCab.Specialized.MeCabUniDic22Node.Form">
            <summary>
            語形出現形
            </summary>
        </member>
        <member name="P:NMeCab.Specialized.MeCabUniDic22Node.FormBase">
            <summary>
            語形基本形
            </summary>
        </member>
        <member name="P:NMeCab.Specialized.MeCabUniDic22Node.AType">
            <summary>
            アクセント型
            </summary>
        </member>
        <member name="P:NMeCab.Specialized.MeCabUniDic22Node.AConType">
            <summary>
            アクセント結合型
            </summary>
        </member>
        <member name="P:NMeCab.Specialized.MeCabUniDic22Node.AModType">
            <summary>
            アクセント修飾型
            </summary>
        </member>
        <member name="P:NMeCab.Specialized.MeCabUniDic22Node.LId">
            <summary>
            語彙表ID
            </summary>
        </member>
        <member name="P:NMeCab.Specialized.MeCabUniDic22Node.LemmaId">
            <summary>
            語彙素ID
            </summary>
        </member>
        <member name="T:NMeCab.Specialized.MeCabUniDic22Tagger">
            <summary>
            UniDic（ver2.2.0以後）形式の辞書を使用する場合の形態素解析処理の起点を表します。
            </summary>
        </member>
        <member name="M:NMeCab.Specialized.MeCabUniDic22Tagger.#ctor">
            <summary>
            コンストラクタ（非公開）
            </summary>
        </member>
        <member name="M:NMeCab.Specialized.MeCabUniDic22Tagger.Create(System.String,System.String[])">
            <summary>
            形態素解析処理の起点を作成します。
            </summary>
            <param name="dicDir">使用する辞書のディレクトリへのパス</param>
            <param name="userDics">使用するユーザー辞書のファイル名のコレクション</param>
            <returns>形態素解析処理の起点</returns>
        </member>
    </members>
</doc>
